route,reflection,temperature_degC,crystallite_size_nm,lattice_strain_unit_unstated
SG-O,T(111),400,13,1.201
SG-O,T(111),500,14,1.128
SG-O,T(111),600,17,0.986
SG-O,T(111),700,23,0.769
SG-V,T(111),400,20,0.832
SG-V,T(111),500,21,0.816
SG-V,T(111),600,23,0.76
SG-V,T(111),700,28,0.71
PP-O,T(111),400,11,1.415
PP-O,T(111),500,15,1.11
PP-O,T(111),600,32,0.587
PP-O,T(111),700,,
PP-O,M(11-1),400,,
PP-O,M(11-1),500,11,1.509
PP-O,M(11-1),600,17,1.061
PP-O,M(11-1),700,26,0.736
PP-O,M(111),400,,
PP-O,M(111),500,16,0.978
PP-O,M(111),600,20,0.817
PP-O,M(111),700,30,0.597
PP-V,T(111),400,21,0.816
PP-V,T(111),500,22,0.773
PP-V,T(111),600,29,0.629
PP-V,T(111),700,37,0.525
PP-V,M(11-1),400,,
PP-V,M(11-1),500,,
PP-V,M(11-1),600,16,1.081
PP-V,M(11-1),700,29,0.681
PP-V,M(111),400,,
PP-V,M(111),500,,
PP-V,M(111),600,19,0.831
PP-V,M(111),700,25,0.692
