atom,site,fractional_x,fractional_y,fractional_z,B_A2,note
Li(1),8b,0.227(6),0.231(6),0.3004(7),0.63(9),
Bi(1),8b,0.0,0.974(1),0.0663(2),0.70(9),x fixed to define origin on polar axis
Bi(2),8b,0.006(2),0.008(2),0.2134(2),0.70(9),
Ti(1),4a,0.064(4),0.0,0.5,0.1(3),
Ti(2),8b,-0.044(3),-0.054(4),0.3680(4),0.1(3),
O(1),8b,0.238(3),0.204(2),0.0089(2),0.56(9),
O(2),8b,0.248(3),0.277(2),0.2461(3),0.56(9),
O(3),8b,0.076(2),0.048(2),0.4365(2),0.56(9),
O(4),8b,0.047(3),0.959(2),0.3179(2),0.56(9),
O(5),8b,0.280(3),0.290(2),0.1150(2),0.56(9),
O(6),8b,0.180(2),0.197(2),0.8661(3),0.56(9),
