ligand,nominal_core_nm,cell_response,source_symbols,significant_increase_dose_count,significant_decrease_dose_count
MUA,3,necrosis,+++,3,0
MUA,3,apoptosis,+,1,0
MUA,3,proliferation,---,0,3
MUA,3,reactive oxygen species,+++,3,0
MUA,5,necrosis,+,1,0
MUA,5,apoptosis,++,2,0
MUA,5,proliferation,---,0,3
MUA,5,reactive oxygen species,+++,3,0
MUA,10,necrosis,0,0,0
MUA,10,apoptosis,+,1,0
MUA,10,proliferation,0,0,0
MUA,10,reactive oxygen species,+,1,0
AUT,3,necrosis,++,2,0
AUT,3,apoptosis,+,1,0
AUT,3,proliferation,---,0,3
AUT,3,reactive oxygen species,++,2,0
AUT,5,necrosis,+++,3,0
AUT,5,apoptosis,0,0,0
AUT,5,proliferation,---,0,3
AUT,5,reactive oxygen species,+,1,0
AUT,10,necrosis,++,2,0
AUT,10,apoptosis,0,0,0
AUT,10,proliferation,---,0,3
AUT,10,reactive oxygen species,++,2,0
MPA,3,necrosis,0,0,0
MPA,3,apoptosis,0,0,0
MPA,3,proliferation,0,0,0
MPA,3,reactive oxygen species,0,0,0
MPA,5,necrosis,0,0,0
MPA,5,apoptosis,,,
MPA,5,proliferation,-,0,1
MPA,5,reactive oxygen species,+++,3,0
MPA,10,necrosis,0,0,0
MPA,10,apoptosis,0,0,0
MPA,10,proliferation,-,0,1
MPA,10,reactive oxygen species,0,0,0
CYST,3,necrosis,0,0,0
CYST,3,apoptosis,0,0,0
CYST,3,proliferation,--,0,2
CYST,3,reactive oxygen species,+,1,0
CYST,5,necrosis,+,1,0
CYST,5,apoptosis,+,1,0
CYST,5,proliferation,+,1,0
CYST,5,reactive oxygen species,0,0,0
CYST,10,necrosis,+,1,0
CYST,10,apoptosis,0,0,0
CYST,10,proliferation,+,1,0
CYST,10,reactive oxygen species,0,0,0
