nominal_core_nm,TEM_mean_nm,TEM_printed_plusminus_nm,ligand,DLS_number_diameter_nm,DLS_printed_plusminus_nm,zeta_mV,zeta_printed_plusminus_mV,uncertainty_statistic,source_locator
3,3.37,0.57,MUA,5.11,1.26,-71.8,11.5,unspecified,Main p.3 Table 1
3,3.37,0.57,MPA,4.69,1.03,-56.0,10.9,unspecified,Main p.3 Table 1
3,3.37,0.57,AUT,9.7,1.34,86.8,9.83,unspecified,Main p.3 Table 1
3,3.37,0.57,CYST,3.68,1.14,57.4,16.2,unspecified,Main p.3 Table 1
5,4.98,0.8,MUA,7.56,0.9,-53.5,10.6,unspecified,Main p.3 Table 1
5,4.98,0.8,MPA,15.7,5.49,-29.4,5.62,unspecified,Main p.3 Table 1
5,4.98,0.8,AUT,122.8,9.1,73.7,17.4,unspecified,Main p.3 Table 1
5,4.98,0.8,CYST,15.2,3.1,43.4,0.89,unspecified,Main p.3 Table 1
10,9.48,1.26,MUA,46.4,9.04,-21.0,5.16,unspecified,Main p.3 Table 1
10,9.48,1.26,MPA,59.5,22.5,-39.0,4.98,unspecified,Main p.3 Table 1
10,9.48,1.26,AUT,90.6,15.1,60.6,15.5,unspecified,Main p.3 Table 1
10,9.48,1.26,CYST,42.6,15.9,46.7,6.28,unspecified,Main p.3 Table 1
