table,pathway,gene_as_printed,ligand,nominal_core_nm,dose_ug_per_mL,exposure_h,status,fold_change,printed_plusminus_unspecified_statistic
2,angiogenesis,ANGPT1,MUA,3,20,6,reported,0.6,0.24
2,angiogenesis,ANGPT1,MPA,3,20,6,reported,0.53,0.09
2,angiogenesis,ANGPT1,AUT,3,20,6,reported,2.43,0.65
2,angiogenesis,ANGPT1,CYST,3,20,6,reported,3.97,1.19
2,angiogenesis,ANGPT2,MUA,3,20,6,reported,1.53,0.75
2,angiogenesis,ANGPT2,MPA,3,20,6,reported,3.1,0.8
2,angiogenesis,ANGPT2,AUT,3,20,6,reported,2.22,0.15
2,angiogenesis,ANGPT2,CYST,3,20,6,reported,1.12,0.15
2,apoptosis and DNA damage,BCL-2,MUA,3,20,6,reported,0.6,0.21
2,apoptosis and DNA damage,BCL-2,MPA,3,20,6,reported,0.53,0.14
2,apoptosis and DNA damage,BCL-2,AUT,3,20,6,reported,2.7,0.13
2,apoptosis and DNA damage,BCL-2,CYST,3,20,6,reported,1.11,0.15
2,apoptosis and DNA damage,CASP9,MUA,3,20,6,reported,0.43,0.07
2,apoptosis and DNA damage,CASP9,MPA,3,20,6,reported,0.44,0.08
2,apoptosis and DNA damage,CASP9,AUT,3,20,6,reported,3.1,0.34
2,apoptosis and DNA damage,CASP9,CYST,3,20,6,reported,2.03,0.15
2,apoptosis and DNA damage,GADD45A,MUA,3,20,6,reported,2.41,0.5
2,apoptosis and DNA damage,GADD45A,MPA,3,20,6,reported,2.54,0.26
2,apoptosis and DNA damage,GADD45A,AUT,3,20,6,reported,1.05,0.01
2,apoptosis and DNA damage,GADD45A,CYST,3,20,6,reported,1.75,0.04
2,cytokines and chemokines,CCR1,MUA,3,20,6,reported,0.85,0.35
2,cytokines and chemokines,CCR1,MPA,3,20,6,reported,0.68,0.15
2,cytokines and chemokines,CCR1,AUT,3,20,6,reported,1.82,0.26
2,cytokines and chemokines,CCR1,CYST,3,20,6,reported,4.61,1.9
2,cytokines and chemokines,CCR3,MUA,3,20,6,reported,0.51,0.25
2,cytokines and chemokines,CCR3,MPA,3,20,6,reported,0.41,0.25
2,cytokines and chemokines,CCR3,AUT,3,20,6,reported,1.93,0.07
2,cytokines and chemokines,CCR3,CYST,3,20,6,reported,4.15,0.77
2,cytokines and chemokines,CCL4,MUA,3,20,6,reported,26.63,0.61
2,cytokines and chemokines,CCL4,MPA,3,20,6,reported,7.45,1.78
2,cytokines and chemokines,CCL4,AUT,3,20,6,reported,0.05,0.02
2,cytokines and chemokines,CCL4,CYST,3,20,6,reported,0.18,0.01
2,cytokines and chemokines,IL6,MUA,3,20,6,reported,9.42,0.46
2,cytokines and chemokines,IL6,MPA,3,20,6,reported,31.45,1.75
2,cytokines and chemokines,IL6,AUT,3,20,6,reported,2.2,0.11
2,cytokines and chemokines,IL6,CYST,3,20,6,reported,0.18,0.05
2,cytokines and chemokines,IL8,MUA,3,20,6,reported,4.34,0.55
2,cytokines and chemokines,IL8,MPA,3,20,6,reported,3.61,0.96
2,cytokines and chemokines,IL8,AUT,3,20,6,not_tested,,
2,cytokines and chemokines,IL8,CYST,3,20,6,not_tested,,
2,cytokines and chemokines,LTA,MUA,3,20,6,reported,1.07,0.22
2,cytokines and chemokines,LTA,MPA,3,20,6,reported,0.73,0.17
2,cytokines and chemokines,LTA,AUT,3,20,6,reported,1.31,0.33
2,cytokines and chemokines,LTA,CYST,3,20,6,reported,2.7,0.32
2,drug metabolism and mitochondrial function,CYP1A2,MUA,3,20,6,reported,0.52,0.05
2,drug metabolism and mitochondrial function,CYP1A2,MPA,3,20,6,reported,0.48,0.17
2,drug metabolism and mitochondrial function,CYP1A2,AUT,3,20,6,reported,3.82,0.13
2,drug metabolism and mitochondrial function,CYP1A2,CYST,3,20,6,reported,13.0,1.16
2,drug metabolism and mitochondrial function,UCP1,MUA,3,20,6,reported,1.38,0.47
2,drug metabolism and mitochondrial function,UCP1,MPA,3,20,6,reported,0.28,0.07
2,drug metabolism and mitochondrial function,UCP1,AUT,3,20,6,reported,18.1,0.19
2,drug metabolism and mitochondrial function,UCP1,CYST,3,20,6,reported,45.49,13.3
2,invasion and adhesion,MMP1,MUA,3,20,6,reported,1.17,0.18
2,invasion and adhesion,MMP1,MPA,3,20,6,reported,1.03,0.28
2,invasion and adhesion,MMP1,AUT,3,20,6,reported,5.38,0.4
2,invasion and adhesion,MMP1,CYST,3,20,6,reported,4.51,0.31
2,invasion and adhesion,MMP9,MUA,3,20,6,reported,5.55,0.31
2,invasion and adhesion,MMP9,MPA,3,20,6,reported,9.85,2.36
2,invasion and adhesion,MMP9,AUT,3,20,6,reported,0.93,0.01
2,invasion and adhesion,MMP9,CYST,3,20,6,reported,1.17,0.21
3,apoptosis and DNA damage response,BAD,AUT,3,0.5,6,reported,12.03,1.15
3,apoptosis and DNA damage response,BAD,CYST,3,0.5,6,reported,1.82,0.1
3,apoptosis and DNA damage response,BCL-2,AUT,3,0.5,6,reported,1.5,0.24
3,apoptosis and DNA damage response,BCL-2,CYST,3,0.5,6,reported,4.28,0.39
3,apoptosis and DNA damage response,CASP9,AUT,3,0.5,6,reported,2.1,0.35
3,apoptosis and DNA damage response,CASP9,CYST,3,0.5,6,reported,1.35,0.61
3,apoptosis and DNA damage response,GADD45A,AUT,3,0.5,6,reported,4.39,0.16
3,apoptosis and DNA damage response,GADD45A,CYST,3,0.5,6,reported,1.82,0.05
3,cytokines and chemokines,CCR3,AUT,3,0.5,6,reported,8.32,1.31
3,cytokines and chemokines,CCR3,CYST,3,0.5,6,reported,1.46,0.16
3,cytokines and chemokines,CCR4,AUT,3,0.5,6,reported,8.26,2.16
3,cytokines and chemokines,CCR4,CYST,3,0.5,6,reported,1.92,0.6
3,cytokines and chemokines,CSF2,AUT,3,0.5,6,reported,4.19,1.25
3,cytokines and chemokines,CSF2,CYST,3,0.5,6,reported,0.25,0.01
3,cytokines and chemokines,CXCL1,AUT,3,0.5,6,reported,3.54,0.12
3,cytokines and chemokines,CXCL1,CYST,3,0.5,6,reported,1.35,0.09
3,cytokines and chemokines,CXCL2,AUT,3,0.5,6,reported,10.99,0.6
3,cytokines and chemokines,CXCL2,CYST,3,0.5,6,reported,0.93,0.05
3,cytokines and chemokines,CXCL3,AUT,3,0.5,6,reported,4.55,0.64
3,cytokines and chemokines,CXCL3,CYST,3,0.5,6,reported,0.32,0.02
3,cytokines and chemokines,IL1α,AUT,3,0.5,6,reported,24.62,4.88
3,cytokines and chemokines,IL1α,CYST,3,0.5,6,reported,6.42,1.45
3,cytokines and chemokines,IL1β,AUT,3,0.5,6,reported,2.05,0.18
3,cytokines and chemokines,IL1β,CYST,3,0.5,6,reported,3.46,0.12
3,cytokines and chemokines,IL6,AUT,3,0.5,6,reported,6.43,1.2
3,cytokines and chemokines,IL6,CYST,3,0.5,6,reported,0.54,0.06
3,cytokines and chemokines,VEGF,AUT,3,0.5,6,reported,2.79,0.17
3,cytokines and chemokines,VEGF,CYST,3,0.5,6,reported,1.83,0.14
3,drug metabolism and mitochondrial function,ARNT,AUT,3,0.5,6,reported,3.59,0.29
3,drug metabolism and mitochondrial function,ARNT,CYST,3,0.5,6,reported,1.51,0.12
3,drug metabolism and mitochondrial function,CYP1A1,AUT,3,0.5,6,reported,0.32,0.11
3,drug metabolism and mitochondrial function,CYP1A1,CYST,3,0.5,6,reported,38.28,4.75
3,drug metabolism and mitochondrial function,CYP1B1,AUT,3,0.5,6,reported,0.29,0.01
3,drug metabolism and mitochondrial function,CYP1B1,CYST,3,0.5,6,reported,47.6,0.32
3,drug metabolism and mitochondrial function,UCP3,AUT,3,0.5,6,reported,2.26,0.23
3,drug metabolism and mitochondrial function,UCP3,CYST,3,0.5,6,reported,2.31,0.38
3,invasion and adhesion,MMP9,AUT,3,0.5,6,reported,2.97,0.3
3,invasion and adhesion,MMP9,CYST,3,0.5,6,reported,2.1,0.27
3,signal transduction,JUN,AUT,3,0.5,6,reported,10.78,0.78
3,signal transduction,JUN,CYST,3,0.5,6,reported,0.38,0.02
3,signal transduction,MYC,AUT,3,0.5,6,reported,4.26,0.13
3,signal transduction,MYC,CYST,3,0.5,6,reported,6.15,0.3
3,signal transduction,PIK3R1,AUT,3,0.5,6,reported,5.25,0.18
3,signal transduction,PIK3R1,CYST,3,0.5,6,reported,1.21,0.11
