atom_type,x_fractional,y_fractional,z_fractional,U_iso_A2
Si,0.2610(16),0.384(4),0.1890(13),0.111(13)
Si,0.3974(14),0.277(4),0.3936(14),0.111(13)
Si,0.4462(15),0.277(4),0.6064(13),0.111(13)
Si,0.6300(15),0.379(4),0.8961(13),0.111(13)
Si,0.3584(14),0.432(3),0.8028(12),0.111(13)
Si,0.7469(15),0.409(4),0.1201(12),0.111(13)
Si,1.0029(12),0.475(5),0.0667(10),0.111(13)
O,0.2840(19),0.343(5),0.3073(11),0.110(13)
O,0.352(2),0.608(7),0.162(3),0.110(13)
O,0.1232(16),0.477(5),0.1509(12),0.110(13)
O,0.285(2),0.108(7),0.136(3),0.110(13)
O,0.360(3),0.319(4),0.5001(9),0.110(13)
O,0.4388(16),0.972(4),0.384(2),0.110(13)
O,0.5082(16),0.472(4),0.384(2),0.110(13)
O,0.372(3),0.341(3),0.6930(14),0.110(13)
O,0.4907(15),0.471(4),0.870(2),0.110(13)
O,0.667(3),0.330(5),0.0139(12),0.110(13)
O,0.285(3),0.208(5),0.8519(15),0.110(13)
O,0.2845(17),0.708(5),0.7968(12),0.110(13)
O,0.8883(16),0.389(5),0.1147(16),0.110(13)
O,0.0196(17),0.269(7),0.9806(18),0.110(13)
C,0.095(5),0.484(15),0.690(4),0.00(2)
C,0.628(5),0.274(15),0.473(4),0.003(19)
C,1.001(8),0.35(2),0.517(8),0.08(3)
C,1.069(5),0.484(14),0.430(5),0.000(19)
C,0.875(5),0.532(17),0.619(4),0.00(2)
C,0.214(16),0.23(5),0.533(15),0.24(9)
C,0.963(14),0.57(4),0.706(11),0.16(6)
