coordinating_mixture_printed,injection_temperature_degC_printed,reaction_temperature_degC_printed,reaction_time_printed,comment_printed,row,record_id,blank_cells
HDA / diphenyl ether,100,268–290,1 min,"spherical nanocrystals of ~46 nm size, some amount of nanowires",1,shevchenko2002-copt3-hda100-1min,Blank cells remain literal here; qualified group continuation is explicit in canonical conditions.
,,,40 min,"spherical nanocrystals of ~46 nm size, some amount of nanowires",2,shevchenko2002-copt3-hda100-40min,Blank cells remain literal here; qualified group continuation is explicit in canonical conditions.
,,,3 h,almost only spherical nanocrystals of ~46 nm,3,shevchenko2002-copt3-hda100-3h,Blank cells remain literal here; qualified group continuation is explicit in canonical conditions.
,170,230,40 min,spherical nanocrystals of 4.0 nm,4,shevchenko2002-copt3-hda170-230,Blank cells remain literal here; qualified group continuation is explicit in canonical conditions.
,,268,,spherical nanocrystals of 4.0 nm,5,shevchenko2002-copt3-hda170-268,Blank cells remain literal here; qualified group continuation is explicit in canonical conditions.
,220,230,,spherical nanocrystals of 2.6 nm,6,shevchenko2002-copt3-hda220-230,Blank cells remain literal here; qualified group continuation is explicit in canonical conditions.
TDPA / diphenyl ether,100,255,40 min,spherical nanocrystals of ~35 nm,7,shevchenko2002-copt3-tdpa100,Blank cells remain literal here; qualified group continuation is explicit in canonical conditions.
,170,255,,spherical nanocrystals of ~3.6 nm,8,shevchenko2002-copt3-tdpa170,Blank cells remain literal here; qualified group continuation is explicit in canonical conditions.
HDA / 1-hexadecanol,100,220,40 min,spherical nanocrystals of ~1.52 nm,9,shevchenko2002-copt3-alcohol100,Blank cells remain literal here; qualified group continuation is explicit in canonical conditions.
,170,,,,10,shevchenko2002-copt3-alcohol170,Blank cells remain literal here; qualified group continuation is explicit in canonical conditions.
