run,alcohol,water_mL,alcohol_mL,reflux_h,scherrer_crystallite_nm,specific_surface_area_m2_g,yield_percent,yield_literal,footnote
1,Ethanol,25,225,2,2.9,45,26,26,
2,Ethanol,50,200,2,2.2,25,61,61,
3,Ethanol,100,150,2,2.7,12,85,85,
4,Ethanol,150,100,2,4.7,110,87,87,
5,Ethanol,200,50,2,5.8,130,89,89,
6,Ethanol,200,50,4,6.3,134,89,89,
7,Ethanol,200,50,8,6.8,135,93,93,
8,Methanol,100,150,2,3.1,15,28,28,
9,n-Propanol,100,150,2,2.5,20,91,91,
10,Ethanol,100,150,2,2.7,262,82,82,Washed with aqueous ammonia.
11,Ethanol,100,150,2,10,68,,—,Washed with aqueous ammonia and heated at400°C for1h.
12,Ethanol,100,150,2,15,30,,—,Heated at600°C for1h.
