source_sample_or_reference,temperature_K,source_coefficient,pressure_scale_status
nanocr1,1241,1.16,unresolved;no Pa conversion
nanocr1,1282,4.14,unresolved;no Pa conversion
nanocr1,1333,14.9,unresolved;no Pa conversion
nanocr1,1363,55.4,unresolved;no Pa conversion
nanocr1,1402,125.5,unresolved;no Pa conversion
nanocr1,1441,189.3,unresolved;no Pa conversion
nanocr2,1199,1.17,unresolved;no Pa conversion
nanocr2,1241,3.23,unresolved;no Pa conversion
nanocr2,1272,10.3,unresolved;no Pa conversion
nanocr2,1313,25.2,unresolved;no Pa conversion
nanocr2,1353,51.6,unresolved;no Pa conversion
nanocr2,1392,130.4,unresolved;no Pa conversion
micro,1181,0.32,unresolved;no Pa conversion
micro,1274,2.92,unresolved;no Pa conversion
micro,1352,22.1,unresolved;no Pa conversion
micro,1361,27.2,unresolved;no Pa conversion
micro,1405,64.6,unresolved;no Pa conversion
micro,1438,136.5,unresolved;no Pa conversion
reference5,1200,0.44,unresolved;no Pa conversion
reference5,1250,1.55,unresolved;no Pa conversion
reference5,1300,4.97,unresolved;no Pa conversion
reference5,1350,14.4,unresolved;no Pa conversion
reference5,1400,39.1,unresolved;no Pa conversion
reference5,1435,74.9,unresolved;no Pa conversion
reference10,1241,0.92,unresolved;no Pa conversion
reference10,1282,2.7,unresolved;no Pa conversion
reference10,1333,9.35,unresolved;no Pa conversion
reference10,1363,18.5,unresolved;no Pa conversion
reference10,1402,43.4,unresolved;no Pa conversion
reference10,1441,96.6,unresolved;no Pa conversion
