row,lead_nitrate_g,distilled_water_mL,pH,temperature_K,ultrasonic,xrd_size_nm,lattice_a_nm,microstrain_times_1e4,method
1,1,150,variable,299,False,23.0,0.59336,-4,H2S passed through solution
2,1,150,variable,290,True,25.9,0.59393,5,H2S passed through solution
3,1,150,variable,283,False,20.6,0.5931,-9,H2S passed through solution
4,1,150,variable,283,True,21.8,0.59307,-9,H2S passed through solution
5,1,150,variable,353,False,32.0,0.593,-10,H2S passed through solution
6,1,150,variable,353,True,32.0,0.59315,-8,H2S passed through solution
7,1,150,9.2,299,False,21.8,0.59399,6,H2S passed through solution
8,1,150,7.0,299,False,27.7,0.59392,5,H2S passed through solution
9,1,150,4.0,299,False,32.0,0.59377,2.5,H2S passed through solution
10,1,150,14,271,False,12.9,0.5903,-56,H2S passed through solution
11,1,1000,7,299,False,24.5,0.59296,-11,H2S passed through solution
12,1,1000,7,299,True,19.7,0.59325,-6,H2S passed through solution
13,2,300,,293,False,32.0,0.5942,10,spray with continuous recycling
